Verification Method	Technical Details about Implementation	Likelihood/Confidence (Inferred)	Flag or Outright Reject	Source
Instructed response items	Specific items asking for a designated response (e.g., 'choose strongly disagree') to detect failure to follow content. Scoring is binary based on whether the requested response is selected.	High accuracy for identifying blatant carelessness; easily scoreable with little ambiguity.	Flag or Reject	1
Bogus items	Insertion of items describing logical impossibilities (e.g., 'I am paid by leprechauns') to detect agreement. Detection of nonsensical responses indicates invalidity.	Moderate to High; better at catching 'savvy' respondents than instructed items but may produce false positives (highly diligent respondents associating items metaphorically).	Flag	1
Response Time (Page-level)	Measuring the time elapsed per survey page. Uses a minimum threshold, typically recommended at 2 seconds per item, to identify impossibly fast completions.	High; very effective for detecting 'rushing' and difficult for respondents to elude if not explicitly told time is being tracked.	Flag or Reject	1
Longstring Index (Invariability)	A count of the maximum number of consecutive identical responses or identical response patterns (straight-lining). Usually uses a cutoff score (e.g., 0.4 SD above sample mean).	High for invariant types; Meade & Craig (2012) found it effective for identifying specific non-random patterns.	Flag	1
Mahalanobis Distance	Multivariate outlier analysis that assesses the distance of a respondent's data point from the centroid of the sample distribution. Utilizes a chi-square statistic for cutoff scores.	High; among the best for identifying random responses and multiple types of outliers across all items.	Flag	1
Inconsistency Scales (VRIN/TRIN/DRIP)	Development of scales consisting of repeated items or negative versions of identified items to measure within-person response consistency (e.g., Variable/True Response Inconsistency).	Moderate to High; traditional psychometric standard for consistency detection.	Flag	1
Infrequency Checks (CIFR)	Use of an infrequency scale to detect insufficient effort responding by identifying responses that are statistically rare or highly unlikely.	Moderate; dependent on the quality and content of the infrequency items used.	Flag	1
Psychometric Synonyms/Antonyms	Within-person correlation between pairs of items that are theoretically similar (synonyms) or opposite (antonyms; one is reverse-coded). Pairs can also be formed statistically (Meade & Craig's method using r > 0.60).	Moderate to High; robust because they do not necessarily assume most of the sample is diligent.	Flag	1
Even-Odd Consistency (Personal Reliability)	Dividing established scales into two subscales (even vs. odd items) and computing the correlation between those subscales for each individual respondent.	High; Meade & Craig (2012) found it among the best indicators for identifying random responding.	Flag	1
Person-Fit IRT Models	Sophisticated models (e.g., Guttman errors) that examine the statistical likelihood of an observed response pattern given the nature of the data/item difficulty.	High; provides a more robust estimate than single-indicator methods but is technically complex.	Flag	1
Resampling Statistics	Repeating the pairing process (like even-odd) many times using different item subsets and averaging the results to reduce sampling error in the reliability estimate.	Very High; produces more robust estimates of carelessness than single-computation indices.	Flag	1
Latent Class / Mixture Modeling	Using multiple careless response indices as indicators in a mixture model to classify respondents into groups based on the likelihood of different types of careless responding.	Very High; found to yield the most promising results by considering multiple indicators simultaneously.	Reject	1
Detection of Response Inconsistency Procedure (DRIP)	Computed by summing the absolute differences of responses to 15 highly correlated BFI-2 item pairs (r ≥ \.50\).	Very high (AUC values ranging from .913 to .990)	Outright Reject (scores 14-17 used as cutoff for record exclusion)	2
Inconsistency Scale (VRIN)	Evaluation of response consistency across statistically related item pairs within the MMPI-3 framework.	High (validated in clinical and research contexts)	Outright Reject (basis for invalidating protocols)	2
Inconsistency Scale (TRIN)	Measures tendency to respond inconsistently via acquiescence or counter-acquiescence on specific item pairs.	High (standardized metric in MMPI-2-RF/3)	Outright Reject (used to identify invalid response sets)	2